0,C,9.529193,9.52919328,9.5291933
1,T,15.796105,15.79610455,15.7961045
2,G,11.947559,4.17866588,-0.4850026
3,A,11.913275,11.91327467,11.9132747
4,T,6.692378,6.6923783,6.6923783
5,T,10.951791,10.95179073,10.9517907
6,C,16.818792,16.81879192,16.8187919
7,G,12.75236,1.98717012,18.3912766
8,C,12.73948,12.73948032,12.7394803
9,C,13.378978,13.37897829,13.3789783
10,A,7.221552,7.22155227,7.2215523
11,C,9.039358,9.03935775,9.0393577
12,T,6.30024,6.30023993,6.3002399
13,G,13.403906,-3.69487334,9.2532133
14,G,10.582835,2.04265393,-3.5935804
15,G,10.823325,5.10538436,11.3068583
16,A,11.683233,11.68323347,11.6832335
17,A,12.873896,12.8738959,12.8738959
18,C,12.075617,12.07561748,12.0756175
19,A,8.973117,8.9731174,8.9731174
20,A,10.25392,10.25391979,10.2539198
21,C,5.906701,5.90670135,5.9067014
22,T,12.138031,12.13803104,12.138031
23,G,7.962978,0.01190693,14.0851206
24,G,6.379608,-3.51683135,8.5758536
25,T,10.025629,10.02562913,10.0256291
26,A,6.989754,6.98975381,6.9897538
27,A,9.596486,9.59648647,9.5964865
28,C,12.110354,12.11035372,12.1103537
29,A,8.802326,8.80232612,8.8023261
30,T,4.270252,4.27025237,4.2702524
31,C,9.929331,9.92933071,9.9293307
32,G,5.609698,4.08407169,19.0078661
33,C,14.774727,14.77472692,14.7747269
34,C,11.48676,11.4867596,11.4867596
35,A,2.398321,2.39832102,2.398321
36,A,13.799831,13.79983063,13.7998306
37,T,1.247993,1.24799278,1.2479928
38,C,6.647767,6.64776729,6.6477673
39,G,13.968855,3.06844369,0.7922463
40,T,9.124073,9.12407296,9.124073
41,C,8.611788,8.61178818,8.6117882
42,A,12.221944,12.22194446,12.2219445
43,A,9.323739,9.32373912,9.3237391
44,G,2.938361,-2.70844263,3.9583404
45,G,2.97452,-1.90024222,6.9868041
46,A,10.740503,10.74050338,10.7405034
47,A,5.875204,5.87520399,5.875204
48,C,11.012335,11.01233534,11.0123353
49,C,6.542317,6.54231689,6.5423169
50,C,9.726741,9.72674109,9.7267411
51,C,12.903811,12.90381148,12.9038115
52,T,12.580136,12.58013629,12.5801363
53,A,7.705965,7.70596531,7.7059653
54,T,11.92661,11.92661047,11.9266105
55,A,13.404695,13.40469518,13.4046952
56,G,3.333563,2.71748611,15.5604948
57,T,9.369217,9.36921657,9.3692166
58,A,12.68526,12.68525977,12.6852598
59,A,11.050827,11.05082726,11.0508273
60,G,5.056717,1.99465382,10.9327335
61,G,9.602449,-2.37430102,-4.1636374
62,G,8.770296,1.24677026,7.5521049
63,A,10.279908,10.27990837,10.2799084
64,G,13.351586,1.73233341,8.9490542
65,T,10.896782,10.89678211,10.8967821
66,G,17.901472,-0.4764051,19.6106087
67,G,16.056166,-1.76013636,19.2268593
68,A,6.80252,6.80251984,6.8025198
69,C,14.843586,14.84358642,14.8435864
70,T,9.763031,9.76303146,9.7630315
71,G,10.730609,1.97005546,16.5468269
72,G,6.64045,1.76092235,8.6602357
73,G,10.43671,-1.58602653,11.4935174
74,A,5.107342,5.10734208,5.1073421
75,C,11.542966,11.54296646,11.5429665
76,A,8.611405,8.61140502,8.611405
77,C,16.875748,16.87574777,16.8757478
78,T,8.260181,8.26018079,8.2601808
79,C,9.89504,9.89503957,9.8950396
80,C,13.259918,13.25991806,13.2599181
81,C,13.214961,13.2149608,13.2149608
82,C,12.377907,12.37790702,12.377907
83,A,8.710421,8.71042144,8.7104214
84,C,10.316532,10.31653189,10.3165319
85,A,14.653519,14.65351888,14.6535189
86,G,11.786274,1.59856544,3.2184277
87,T,7.18468,7.18468019,7.1846802
88,A,7.168294,7.16829417,7.1682942
89,A,12.374574,12.37457411,12.3745741
90,C,4.753122,4.75312218,4.7531222
91,A,13.517322,13.51732197,13.517322
92,C,6.08442,6.08442004,6.08442
93,C,10.964226,10.96422606,10.9642261
94,A,12.206207,12.20620668,12.2062067
95,T,14.433757,14.43375683,14.4337568
96,C,5.943008,5.94300815,5.9430082
97,C,9.296082,9.29608216,9.2960822
98,C,11.472177,11.47217655,11.4721766
99,A,10.026308,10.02630778,10.0263078
